"Variable Code","Country or Area Code","Country or Area","Year(s) Code","Year(s)","Variant Code","Variant","Value"
"12","643","Russian Federation","151","2100","2","Medium","112068.747"
"12","643","Russian Federation","151","2100","3","High","162441.155"
"12","643","Russian Federation","151","2100","4","Low","74199.035"
"12","643","Russian Federation","151","2100","5","Constant fertility","94000.181"
"12","643","Russian Federation","151","2100","6","Instant replacement","152470.935"
"12","643","Russian Federation","151","2100","7","Zero migration","101235.789"
"12","643","Russian Federation","151","2100","8","Constant mortality","89460.587"
"12","643","Russian Federation","151","2100","9","No change","72612.63"
"12","643","Russian Federation","151","2100","10","Momentum","115323.207"
"12","643","Russian Federation","151","2100","16","Instant replacement zero migration","140005.549"
"12","643","Russian Federation","151","2100","202","Median PI","112068.747"
"12","643","Russian Federation","151","2100","203","Upper 80 PI","132097.522"
"12","643","Russian Federation","151","2100","204","Lower 80 PI","90967.672"
"12","643","Russian Federation","151","2100","206","Upper 95 PI","144438.689"
"12","643","Russian Federation","151","2100","207","Lower 95 PI","78596.038"
"12","643","Russian Federation","150","2099","2","Medium","112339.929"
"12","643","Russian Federation","150","2099","3","High","161662.733"
"12","643","Russian Federation","150","2099","4","Low","75051.261"
"12","643","Russian Federation","150","2099","5","Constant fertility","94622.753"
"12","643","Russian Federation","150","2099","6","Instant replacement","152083.628"
"12","643","Russian Federation","150","2099","7","Zero migration","101644.284"
"12","643","Russian Federation","150","2099","8","Constant mortality","89857.121"
"12","643","Russian Federation","150","2099","9","No change","73293.922"
"12","643","Russian Federation","150","2099","10","Momentum","115394.39"
"12","643","Russian Federation","150","2099","16","Instant replacement zero migration","139798.093"
"12","643","Russian Federation","150","2099","202","Median PI","112339.93"
"12","643","Russian Federation","150","2099","203","Upper 80 PI","132026.615"
"12","643","Russian Federation","150","2099","204","Lower 80 PI","91602.511"
"12","643","Russian Federation","150","2099","206","Upper 95 PI","144131.413"
"12","643","Russian Federation","150","2099","207","Lower 95 PI","79240.741"
"12","643","Russian Federation","149","2098","2","Medium","112612.788"
"12","643","Russian Federation","149","2098","3","High","160894.766"
"12","643","Russian Federation","149","2098","4","Low","75904.144"
"12","643","Russian Federation","149","2098","5","Constant fertility","95239.189"
"12","643","Russian Federation","149","2098","6","Instant replacement","151692.815"
"12","643","Russian Federation","149","2098","7","Zero migration","102054.2"
"12","643","Russian Federation","149","2098","8","Constant mortality","90268.387"
"12","643","Russian Federation","149","2098","9","No change","73985.446"
"12","643","Russian Federation","149","2098","10","Momentum","115468.451"
"12","643","Russian Federation","149","2098","16","Instant replacement zero migration","139586.563"
"12","643","Russian Federation","149","2098","202","Median PI","112612.788"
"12","643","Russian Federation","149","2098","203","Upper 80 PI","131908.489"
"12","643","Russian Federation","149","2098","204","Lower 80 PI","92243.299"
"12","643","Russian Federation","149","2098","206","Upper 95 PI","143854.816"
"12","643","Russian Federation","149","2098","207","Lower 95 PI","79851.837"
"12","643","Russian Federation","148","2097","2","Medium","112885.713"
"12","643","Russian Federation","148","2097","3","High","160135.526"
"12","643","Russian Federation","148","2097","4","Low","76756.06"
"12","643","Russian Federation","148","2097","5","Constant fertility","95849.35"
"12","643","Russian Federation","148","2097","6","Instant replacement","151298.143"
"12","643","Russian Federation","148","2097","7","Zero migration","102464.07"
"12","643","Russian Federation","148","2097","8","Constant mortality","90692.328"
"12","643","Russian Federation","148","2097","9","No change","74686.435"
"12","643","Russian Federation","148","2097","10","Momentum","115544.218"
"12","643","Russian Federation","148","2097","16","Instant replacement zero migration","139370.6"
"12","643","Russian Federation","148","2097","202","Median PI","112885.713"
"12","643","Russian Federation","148","2097","203","Upper 80 PI","131909.665"
"12","643","Russian Federation","148","2097","204","Lower 80 PI","92838.404"
"12","643","Russian Federation","148","2097","206","Upper 95 PI","143715.678"
"12","643","Russian Federation","148","2097","207","Lower 95 PI","80700.914"
"12","643","Russian Federation","147","2096","2","Medium","113158.372"
"12","643","Russian Federation","147","2096","3","High","159384.785"
"12","643","Russian Federation","147","2096","4","Low","77606.611"
"12","643","Russian Federation","147","2096","5","Constant fertility","96454.171"
"12","643","Russian Federation","147","2096","6","Instant replacement","150899.995"
"12","643","Russian Federation","147","2096","7","Zero migration","102873.637"
"12","643","Russian Federation","147","2096","8","Constant mortality","91127.004"
"12","643","Russian Federation","147","2096","9","No change","75396.03"
"12","643","Russian Federation","147","2096","10","Momentum","115620.279"
"12","643","Russian Federation","147","2096","16","Instant replacement zero migration","139150.596"
"12","643","Russian Federation","147","2096","202","Median PI","113158.372"
"12","643","Russian Federation","147","2096","203","Upper 80 PI","131884.803"
"12","643","Russian Federation","147","2096","204","Lower 80 PI","93358.539"
"12","643","Russian Federation","147","2096","206","Upper 95 PI","143552.647"
"12","643","Russian Federation","147","2096","207","Lower 95 PI","81554.272"
"12","643","Russian Federation","146","2095","2","Medium","113429.989"
"12","643","Russian Federation","146","2095","3","High","158641.546"
"12","643","Russian Federation","146","2095","4","Low","78455.317"
"12","643","Russian Federation","146","2095","5","Constant fertility","97054.992"
"12","643","Russian Federation","146","2095","6","Instant replacement","150499.323"
"12","643","Russian Federation","146","2095","7","Zero migration","103282.264"
"12","643","Russian Federation","146","2095","8","Constant mortality","91569.536"
"12","643","Russian Federation","146","2095","9","No change","76113.306"
"12","643","Russian Federation","146","2095","10","Momentum","115695.443"
"12","643","Russian Federation","146","2095","16","Instant replacement zero migration","138927.465"
"12","643","Russian Federation","146","2095","202","Median PI","113429.989"
"12","643","Russian Federation","146","2095","203","Upper 80 PI","131868.564"
"12","643","Russian Federation","146","2095","204","Lower 80 PI","93856.535"
"12","643","Russian Federation","146","2095","206","Upper 95 PI","143290.375"
"12","643","Russian Federation","146","2095","207","Lower 95 PI","82310.207"
"12","643","Russian Federation","145","2094","2","Medium","113699.861"
"12","643","Russian Federation","145","2094","3","High","157905.177"
"12","643","Russian Federation","145","2094","4","Low","79301.7"
"12","643","Russian Federation","145","2094","5","Constant fertility","97652.848"
"12","643","Russian Federation","145","2094","6","Instant replacement","150096.573"
"12","643","Russian Federation","145","2094","7","Zero migration","103689.381"
"12","643","Russian Federation","145","2094","8","Constant mortality","92017.359"
"12","643","Russian Federation","145","2094","9","No change","76837.283"
"12","643","Russian Federation","145","2094","10","Momentum","115768.52"
"12","643","Russian Federation","145","2094","16","Instant replacement zero migration","138701.694"
"12","643","Russian Federation","145","2094","202","Median PI","113699.861"
"12","643","Russian Federation","145","2094","203","Upper 80 PI","131793.581"
"12","643","Russian Federation","145","2094","204","Lower 80 PI","94368.389"
"12","643","Russian Federation","145","2094","206","Upper 95 PI","142809.17"
"12","643","Russian Federation","145","2094","207","Lower 95 PI","83098.661"
"12","643","Russian Federation","144","2093","2","Medium","113969.018"
"12","643","Russian Federation","144","2093","3","High","157177.244"
"12","643","Russian Federation","144","2093","4","Low","80146.716"
"12","643","Russian Federation","144","2093","5","Constant fertility","98249.697"
"12","643","Russian Federation","144","2093","6","Instant replacement","149693.294"
"12","643","Russian Federation","144","2093","7","Zero migration","104096.007"
"12","643","Russian Federation","144","2093","8","Constant mortality","92468.615"
"12","643","Russian Federation","144","2093","9","No change","77566.923"
"12","643","Russian Federation","144","2093","10","Momentum","115838.337"
"12","643","Russian Federation","144","2093","16","Instant replacement zero migration","138474.835"
"12","643","Russian Federation","144","2093","202","Median PI","113969.018"
"12","643","Russian Federation","144","2093","203","Upper 80 PI","131753.462"
"12","643","Russian Federation","144","2093","204","Lower 80 PI","94986.71"
"12","643","Russian Federation","144","2093","206","Upper 95 PI","142430.616"
"12","643","Russian Federation","144","2093","207","Lower 95 PI","83982.819"
"12","643","Russian Federation","143","2092","2","Medium","114237.495"
"12","643","Russian Federation","143","2092","3","High","156457.754"
"12","643","Russian Federation","143","2092","4","Low","80990.835"
"12","643","Russian Federation","143","2092","5","Constant fertility","98847.417"
"12","643","Russian Federation","143","2092","6","Instant replacement","149290.971"
"12","643","Russian Federation","143","2092","7","Zero migration","104502.269"
"12","643","Russian Federation","143","2092","8","Constant mortality","92920.49"
"12","643","Russian Federation","143","2092","9","No change","78301.129"
"12","643","Russian Federation","143","2092","10","Momentum","115903.598"
"12","643","Russian Federation","143","2092","16","Instant replacement zero migration","138248.356"
"12","643","Russian Federation","143","2092","202","Median PI","114237.495"
"12","643","Russian Federation","143","2092","203","Upper 80 PI","131814.185"
"12","643","Russian Federation","143","2092","204","Lower 80 PI","95673.396"
"12","643","Russian Federation","143","2092","206","Upper 95 PI","142368.173"
"12","643","Russian Federation","143","2092","207","Lower 95 PI","84880.863"
"12","643","Russian Federation","142","2091","2","Medium","114508.299"
"12","643","Russian Federation","142","2091","3","High","155750.783"
"12","643","Russian Federation","142","2091","4","Low","81836.769"
"12","643","Russian Federation","142","2091","5","Constant fertility","99448.85"
"12","643","Russian Federation","142","2091","6","Instant replacement","148892.019"
"12","643","Russian Federation","142","2091","7","Zero migration","104911.031"
"12","643","Russian Federation","142","2091","8","Constant mortality","93372.127"
"12","643","Russian Federation","142","2091","9","No change","79038.82"
"12","643","Russian Federation","142","2091","10","Momentum","115962.901"
"12","643","Russian Federation","142","2091","16","Instant replacement zero migration","138024.662"
"12","643","Russian Federation","142","2091","202","Median PI","114508.299"
"12","643","Russian Federation","142","2091","203","Upper 80 PI","131775.984"
"12","643","Russian Federation","142","2091","204","Lower 80 PI","96301.257"
"12","643","Russian Federation","142","2091","206","Upper 95 PI","142250.773"
"12","643","Russian Federation","142","2091","207","Lower 95 PI","85619.999"
"12","643","Russian Federation","141","2090","2","Medium","114785.573"
"12","643","Russian Federation","141","2090","3","High","155062.372"
"12","643","Russian Federation","141","2090","4","Low","82687.739"
"12","643","Russian Federation","141","2090","5","Constant fertility","100056.077"
"12","643","Russian Federation","141","2090","6","Instant replacement","148498.437"
"12","643","Russian Federation","141","2090","7","Zero migration","105326.155"
"12","643","Russian Federation","141","2090","8","Constant mortality","93824.607"
"12","643","Russian Federation","141","2090","9","No change","79778.992"
"12","643","Russian Federation","141","2090","10","Momentum","116015.198"
"12","643","Russian Federation","141","2090","16","Instant replacement zero migration","137805.787"
"12","643","Russian Federation","141","2090","202","Median PI","114785.573"
"12","643","Russian Federation","141","2090","203","Upper 80 PI","131680.734"
"12","643","Russian Federation","141","2090","204","Lower 80 PI","96892.899"
"12","643","Russian Federation","141","2090","206","Upper 95 PI","141971.125"
"12","643","Russian Federation","141","2090","207","Lower 95 PI","86347.872"
"12","643","Russian Federation","140","2089","2","Medium","115068.352"
"12","643","Russian Federation","140","2089","3","High","154390.928"
"12","643","Russian Federation","140","2089","4","Low","83543.89"
"12","643","Russian Federation","140","2089","5","Constant fertility","100670.742"
"12","643","Russian Federation","140","2089","6","Instant replacement","148111.802"
"12","643","Russian Federation","140","2089","7","Zero migration","105746.915"
"12","643","Russian Federation","140","2089","8","Constant mortality","94274.649"
"12","643","Russian Federation","140","2089","9","No change","80520.811"
"12","643","Russian Federation","140","2089","10","Momentum","116059.688"
"12","643","Russian Federation","140","2089","16","Instant replacement zero migration","137593.336"
"12","643","Russian Federation","140","2089","202","Median PI","115068.352"
"12","643","Russian Federation","140","2089","203","Upper 80 PI","131534.383"
"12","643","Russian Federation","140","2089","204","Lower 80 PI","97451.02"
"12","643","Russian Federation","140","2089","206","Upper 95 PI","141704.17"
"12","643","Russian Federation","140","2089","207","Lower 95 PI","87094.127"
"12","643","Russian Federation","139","2088","2","Medium","115356.684"
"12","643","Russian Federation","139","2088","3","High","153735.897"
"12","643","Russian Federation","139","2088","4","Low","84406.355"
"12","643","Russian Federation","139","2088","5","Constant fertility","101295.24"
"12","643","Russian Federation","139","2088","6","Instant replacement","147734.679"
"12","643","Russian Federation","139","2088","7","Zero migration","106173.524"
"12","643","Russian Federation","139","2088","8","Constant mortality","94719.472"
"12","643","Russian Federation","139","2088","9","No change","81263.724"
"12","643","Russian Federation","139","2088","10","Momentum","116096.031"
"12","643","Russian Federation","139","2088","16","Instant replacement zero migration","137389.876"
"12","643","Russian Federation","139","2088","202","Median PI","115356.684"
"12","643","Russian Federation","139","2088","203","Upper 80 PI","131448.985"
"12","643","Russian Federation","139","2088","204","Lower 80 PI","97985.012"
"12","643","Russian Federation","139","2088","206","Upper 95 PI","141599.612"
"12","643","Russian Federation","139","2088","207","Lower 95 PI","87847.873"
"12","643","Russian Federation","138","2087","2","Medium","115652.642"
"12","643","Russian Federation","138","2087","3","High","153100.005"
"12","643","Russian Federation","138","2087","4","Low","85277.266"
"12","643","Russian Federation","138","2087","5","Constant fertility","101931.253"
"12","643","Russian Federation","138","2087","6","Instant replacement","147369.233"
"12","643","Russian Federation","138","2087","7","Zero migration","106607.993"
"12","643","Russian Federation","138","2087","8","Constant mortality","95159.334"
"12","643","Russian Federation","138","2087","9","No change","82007.53"
"12","643","Russian Federation","138","2087","10","Momentum","116124.64"
"12","643","Russian Federation","138","2087","16","Instant replacement zero migration","137197.6"
"12","643","Russian Federation","138","2087","202","Median PI","115652.642"
"12","643","Russian Federation","138","2087","203","Upper 80 PI","131448.708"
"12","643","Russian Federation","138","2087","204","Lower 80 PI","98593.56"
"12","643","Russian Federation","138","2087","206","Upper 95 PI","141528.113"
"12","643","Russian Federation","138","2087","207","Lower 95 PI","88646.316"
"12","643","Russian Federation","137","2086","2","Medium","115958.095"
"12","643","Russian Federation","137","2086","3","High","152485.543"
"12","643","Russian Federation","137","2086","4","Low","86158.672"
"12","643","Russian Federation","137","2086","5","Constant fertility","102580.318"
"12","643","Russian Federation","137","2086","6","Instant replacement","147017.584"
"12","643","Russian Federation","137","2086","7","Zero migration","107052.175"
"12","643","Russian Federation","137","2086","8","Constant mortality","95594.833"
"12","643","Russian Federation","137","2086","9","No change","82752.409"
"12","643","Russian Federation","137","2086","10","Momentum","116146.538"
"12","643","Russian Federation","137","2086","16","Instant replacement zero migration","137018.657"
"12","643","Russian Federation","137","2086","202","Median PI","115958.095"
"12","643","Russian Federation","137","2086","203","Upper 80 PI","131448.048"
"12","643","Russian Federation","137","2086","204","Lower 80 PI","99151.072"
"12","643","Russian Federation","137","2086","206","Upper 95 PI","141381.022"
"12","643","Russian Federation","137","2086","207","Lower 95 PI","89430.41"
"12","643","Russian Federation","136","2085","2","Medium","116274.231"
"12","643","Russian Federation","136","2085","3","High","151893.841"
"12","643","Russian Federation","136","2085","4","Low","87052.084"
"12","643","Russian Federation","136","2085","5","Constant fertility","103243.561"
"12","643","Russian Federation","136","2085","6","Instant replacement","146681.751"
"12","643","Russian Federation","136","2085","7","Zero migration","107507.255"
"12","643","Russian Federation","136","2085","8","Constant mortality","96026.671"
"12","643","Russian Federation","136","2085","9","No change","83498.91"
"12","643","Russian Federation","136","2085","10","Momentum","116163.474"
"12","643","Russian Federation","136","2085","16","Instant replacement zero migration","136855.095"
"12","643","Russian Federation","136","2085","202","Median PI","116274.231"
"12","643","Russian Federation","136","2085","203","Upper 80 PI","131458.399"
"12","643","Russian Federation","136","2085","204","Lower 80 PI","99648.001"
"12","643","Russian Federation","136","2085","206","Upper 95 PI","141151.127"
"12","643","Russian Federation","136","2085","207","Lower 95 PI","90253.294"
"12","643","Russian Federation","135","2084","2","Medium","116601.011"
"12","643","Russian Federation","135","2084","3","High","151324.405"
"12","643","Russian Federation","135","2084","4","Low","87958.139"
"12","643","Russian Federation","135","2084","5","Constant fertility","103921.81"
"12","643","Russian Federation","135","2084","6","Instant replacement","146363.707"
"12","643","Russian Federation","135","2084","7","Zero migration","107973.317"
"12","643","Russian Federation","135","2084","8","Constant mortality","96454.906"
"12","643","Russian Federation","135","2084","9","No change","84247.848"
"12","643","Russian Federation","135","2084","10","Momentum","116177.785"
"12","643","Russian Federation","135","2084","16","Instant replacement zero migration","136708.91"
"12","643","Russian Federation","135","2084","202","Median PI","116601.011"
"12","643","Russian Federation","135","2084","203","Upper 80 PI","131527.198"
"12","643","Russian Federation","135","2084","204","Lower 80 PI","100168.34"
"12","643","Russian Federation","135","2084","206","Upper 95 PI","140872.845"
"12","643","Russian Federation","135","2084","207","Lower 95 PI","91102.628"
"12","643","Russian Federation","134","2083","2","Medium","116940.031"
"12","643","Russian Federation","134","2083","3","High","150779.242"
"12","643","Russian Federation","134","2083","4","Low","88878.212"
"12","643","Russian Federation","134","2083","5","Constant fertility","104614.871"
"12","643","Russian Federation","134","2083","6","Instant replacement","146064.355"
"12","643","Russian Federation","134","2083","7","Zero migration","108451.9"
"12","643","Russian Federation","134","2083","8","Constant mortality","96882.376"
"12","643","Russian Federation","134","2083","9","No change","85000.227"
"12","643","Russian Federation","134","2083","10","Momentum","116192.02"
"12","643","Russian Federation","134","2083","16","Instant replacement zero migration","136581.067"
"12","643","Russian Federation","134","2083","202","Median PI","116940.031"
"12","643","Russian Federation","134","2083","203","Upper 80 PI","131649.477"
"12","643","Russian Federation","134","2083","204","Lower 80 PI","100762.457"
"12","643","Russian Federation","134","2083","206","Upper 95 PI","140763.421"
"12","643","Russian Federation","134","2083","207","Lower 95 PI","91935.994"
"12","643","Russian Federation","133","2082","2","Medium","117292.124"
"12","643","Russian Federation","133","2082","3","High","150259.141"
"12","643","Russian Federation","133","2082","4","Low","89813.128"
"12","643","Russian Federation","133","2082","5","Constant fertility","105322.26"
"12","643","Russian Federation","133","2082","6","Instant replacement","145784.537"
"12","643","Russian Federation","133","2082","7","Zero migration","108943.851"
"12","643","Russian Federation","133","2082","8","Constant mortality","97311.599"
"12","643","Russian Federation","133","2082","9","No change","85757.181"
"12","643","Russian Federation","133","2082","10","Momentum","116209.102"
"12","643","Russian Federation","133","2082","16","Instant replacement zero migration","136472.485"
"12","643","Russian Federation","133","2082","202","Median PI","117292.124"
"12","643","Russian Federation","133","2082","203","Upper 80 PI","131799.746"
"12","643","Russian Federation","133","2082","204","Lower 80 PI","101452.046"
"12","643","Russian Federation","133","2082","206","Upper 95 PI","140736.745"
"12","643","Russian Federation","133","2082","207","Lower 95 PI","92720.946"
"12","643","Russian Federation","132","2081","2","Medium","117656.213"
"12","643","Russian Federation","132","2081","3","High","149762.028"
"12","643","Russian Federation","132","2081","4","Low","90762.42"
"12","643","Russian Federation","132","2081","5","Constant fertility","106043.629"
"12","643","Russian Federation","132","2081","6","Instant replacement","145525.384"
"12","643","Russian Federation","132","2081","7","Zero migration","109448.269"
"12","643","Russian Federation","132","2081","8","Constant mortality","97743.174"
"12","643","Russian Federation","132","2081","9","No change","86519.946"
"12","643","Russian Federation","132","2081","10","Momentum","116232.198"
"12","643","Russian Federation","132","2081","16","Instant replacement zero migration","136384.32"
"12","643","Russian Federation","132","2081","202","Median PI","117656.213"
"12","643","Russian Federation","132","2081","203","Upper 80 PI","131975.512"
"12","643","Russian Federation","132","2081","204","Lower 80 PI","102029.679"
"12","643","Russian Federation","132","2081","206","Upper 95 PI","140695.264"
"12","643","Russian Federation","132","2081","207","Lower 95 PI","93460.314"
"12","643","Russian Federation","131","2080","2","Medium","118030.379"
"12","643","Russian Federation","131","2080","3","High","149285.109"
"12","643","Russian Federation","131","2080","4","Low","91724.481"
"12","643","Russian Federation","131","2080","5","Constant fertility","106777.163"
"12","643","Russian Federation","131","2080","6","Instant replacement","145286.559"
"12","643","Russian Federation","131","2080","7","Zero migration","109963.393"
"12","643","Russian Federation","131","2080","8","Constant mortality","98178.45"
"12","643","Russian Federation","131","2080","9","No change","87289.885"
"12","643","Russian Federation","131","2080","10","Momentum","116264.614"
"12","643","Russian Federation","131","2080","16","Instant replacement zero migration","136316.302"
"12","643","Russian Federation","131","2080","202","Median PI","118030.378"
"12","643","Russian Federation","131","2080","203","Upper 80 PI","132091.46"
"12","643","Russian Federation","131","2080","204","Lower 80 PI","102613.453"
"12","643","Russian Federation","131","2080","206","Upper 95 PI","140570.918"
"12","643","Russian Federation","131","2080","207","Lower 95 PI","94198.552"
"12","643","Russian Federation","130","2079","2","Medium","118417.124"
"12","643","Russian Federation","130","2079","3","High","148831.098"
"12","643","Russian Federation","130","2079","4","Low","92700.931"
"12","643","Russian Federation","130","2079","5","Constant fertility","107521.952"
"12","643","Russian Federation","130","2079","6","Instant replacement","145068.671"
"12","643","Russian Federation","130","2079","7","Zero migration","110491.587"
"12","643","Russian Federation","130","2079","8","Constant mortality","98622.321"
"12","643","Russian Federation","130","2079","9","No change","88068.451"
"12","643","Russian Federation","130","2079","10","Momentum","116309.741"
"12","643","Russian Federation","130","2079","16","Instant replacement zero migration","136269.082"
"12","643","Russian Federation","130","2079","202","Median PI","118417.124"
"12","643","Russian Federation","130","2079","203","Upper 80 PI","132197.712"
"12","643","Russian Federation","130","2079","204","Lower 80 PI","103276.451"
"12","643","Russian Federation","130","2079","206","Upper 95 PI","140378.568"
"12","643","Russian Federation","130","2079","207","Lower 95 PI","94986.8"
"12","643","Russian Federation","129","2078","2","Medium","118818"
"12","643","Russian Federation","129","2078","3","High","148401.32"
"12","643","Russian Federation","129","2078","4","Low","93692.65"
"12","643","Russian Federation","129","2078","5","Constant fertility","108276.955"
"12","643","Russian Federation","129","2078","6","Instant replacement","144872.027"
"12","643","Russian Federation","129","2078","7","Zero migration","111034.336"
"12","643","Russian Federation","129","2078","8","Constant mortality","99078.918"
"12","643","Russian Federation","129","2078","9","No change","88857.17"
"12","643","Russian Federation","129","2078","10","Momentum","116370.882"
"12","643","Russian Federation","129","2078","16","Instant replacement zero migration","136243.014"
"12","643","Russian Federation","129","2078","202","Median PI","118818"
"12","643","Russian Federation","129","2078","203","Upper 80 PI","132353.011"
"12","643","Russian Federation","129","2078","204","Lower 80 PI","103887.307"
"12","643","Russian Federation","129","2078","206","Upper 95 PI","140311.861"
"12","643","Russian Federation","129","2078","207","Lower 95 PI","95799.721"
"12","643","Russian Federation","128","2077","2","Medium","119232.643"
"12","643","Russian Federation","128","2077","3","High","147994.783"
"12","643","Russian Federation","128","2077","4","Low","94698.849"
"12","643","Russian Federation","128","2077","5","Constant fertility","109040.294"
"12","643","Russian Federation","128","2077","6","Instant replacement","144696.092"
"12","643","Russian Federation","128","2077","7","Zero migration","111591.33"
"12","643","Russian Federation","128","2077","8","Constant mortality","99551.357"
"12","643","Russian Federation","128","2077","9","No change","89657.581"
"12","643","Russian Federation","128","2077","10","Momentum","116451.327"
"12","643","Russian Federation","128","2077","16","Instant replacement zero migration","136237.62"
"12","643","Russian Federation","128","2077","202","Median PI","119232.643"
"12","643","Russian Federation","128","2077","203","Upper 80 PI","132541.304"
"12","643","Russian Federation","128","2077","204","Lower 80 PI","104599.197"
"12","643","Russian Federation","128","2077","206","Upper 95 PI","140239.517"
"12","643","Russian Federation","128","2077","207","Lower 95 PI","96651.005"
"12","643","Russian Federation","127","2076","2","Medium","119660.728"
"12","643","Russian Federation","127","2076","3","High","147610.471"
"12","643","Russian Federation","127","2076","4","Low","95718.736"
"12","643","Russian Federation","127","2076","5","Constant fertility","109810.471"
"12","643","Russian Federation","127","2076","6","Instant replacement","144540.712"
"12","643","Russian Federation","127","2076","7","Zero migration","112162.274"
"12","643","Russian Federation","127","2076","8","Constant mortality","100042.368"
"12","643","Russian Federation","127","2076","9","No change","90471.173"
"12","643","Russian Federation","127","2076","10","Momentum","116554.287"
"12","643","Russian Federation","127","2076","16","Instant replacement zero migration","136252.754"
"12","643","Russian Federation","127","2076","202","Median PI","119660.728"
"12","643","Russian Federation","127","2076","203","Upper 80 PI","132803.949"
"12","643","Russian Federation","127","2076","204","Lower 80 PI","105406.483"
"12","643","Russian Federation","127","2076","206","Upper 95 PI","140119.743"
"12","643","Russian Federation","127","2076","207","Lower 95 PI","97539.2"
"12","643","Russian Federation","126","2075","2","Medium","120100.789"
"12","643","Russian Federation","126","2075","3","High","147245.932"
"12","643","Russian Federation","126","2075","4","Low","96750.533"
"12","643","Russian Federation","126","2075","5","Constant fertility","110585.734"
"12","643","Russian Federation","126","2075","6","Instant replacement","144405.183"
"12","643","Russian Federation","126","2075","7","Zero migration","112745.795"
"12","643","Russian Federation","126","2075","8","Constant mortality","100553.73"
"12","643","Russian Federation","126","2075","9","No change","91299.38"
"12","643","Russian Federation","126","2075","10","Momentum","116682.57"
"12","643","Russian Federation","126","2075","16","Instant replacement zero migration","136287.753"
"12","643","Russian Federation","126","2075","202","Median PI","120100.789"
"12","643","Russian Federation","126","2075","203","Upper 80 PI","133081.116"
"12","643","Russian Federation","126","2075","204","Lower 80 PI","106110.292"
"12","643","Russian Federation","126","2075","206","Upper 95 PI","140040.22"
"12","643","Russian Federation","126","2075","207","Lower 95 PI","98303.68"
"12","643","Russian Federation","125","2074","2","Medium","120554.337"
"12","643","Russian Federation","125","2074","3","High","146902.677"
"12","643","Russian Federation","125","2074","4","Low","97794.507"
"12","643","Russian Federation","125","2074","5","Constant fertility","111364.594"
"12","643","Russian Federation","125","2074","6","Instant replacement","144288.73"
"12","643","Russian Federation","125","2074","7","Zero migration","113343.292"
"12","643","Russian Federation","125","2074","8","Constant mortality","101089.787"
"12","643","Russian Federation","125","2074","9","No change","92143.522"
"12","643","Russian Federation","125","2074","10","Momentum","116838.53"
"12","643","Russian Federation","125","2074","16","Instant replacement zero migration","136341.87"
"12","643","Russian Federation","125","2074","202","Median PI","120554.337"
"12","643","Russian Federation","125","2074","203","Upper 80 PI","133319.089"
"12","643","Russian Federation","125","2074","204","Lower 80 PI","106736.177"
"12","643","Russian Federation","125","2074","206","Upper 95 PI","140010.68"
"12","643","Russian Federation","125","2074","207","Lower 95 PI","99075.802"
"12","643","Russian Federation","124","2073","2","Medium","121020.281"
"12","643","Russian Federation","124","2073","3","High","146579.136"
"12","643","Russian Federation","124","2073","4","Low","98848.973"
"12","643","Russian Federation","124","2073","5","Constant fertility","112145.458"
"12","643","Russian Federation","124","2073","6","Instant replacement","144190.252"
"12","643","Russian Federation","124","2073","7","Zero migration","113953.695"
"12","643","Russian Federation","124","2073","8","Constant mortality","101652.248"
"12","643","Russian Federation","124","2073","9","No change","93004.746"
"12","643","Russian Federation","124","2073","10","Momentum","117024.13"
"12","643","Russian Federation","124","2073","16","Instant replacement zero migration","136413.988"
"12","643","Russian Federation","124","2073","202","Median PI","121020.281"
"12","643","Russian Federation","124","2073","203","Upper 80 PI","133607.899"
"12","643","Russian Federation","124","2073","204","Lower 80 PI","107509.432"
"12","643","Russian Federation","124","2073","206","Upper 95 PI","140088.825"
"12","643","Russian Federation","124","2073","207","Lower 95 PI","99963.52"
"12","643","Russian Federation","123","2072","2","Medium","121497.299"
"12","643","Russian Federation","123","2072","3","High","146273.286"
"12","643","Russian Federation","123","2072","4","Low","99912.409"
"12","643","Russian Federation","123","2072","5","Constant fertility","112928.209"
"12","643","Russian Federation","123","2072","6","Instant replacement","144109.617"
"12","643","Russian Federation","123","2072","7","Zero migration","114575.762"
"12","643","Russian Federation","123","2072","8","Constant mortality","102240.961"
"12","643","Russian Federation","123","2072","9","No change","93884.024"
"12","643","Russian Federation","123","2072","10","Momentum","117240.609"
"12","643","Russian Federation","123","2072","16","Instant replacement zero migration","136503.942"
"12","643","Russian Federation","123","2072","202","Median PI","121497.299"
"12","643","Russian Federation","123","2072","203","Upper 80 PI","133806.736"
"12","643","Russian Federation","123","2072","204","Lower 80 PI","108317.211"
"12","643","Russian Federation","123","2072","206","Upper 95 PI","140152.359"
"12","643","Russian Federation","123","2072","207","Lower 95 PI","100838.466"
"12","643","Russian Federation","122","2071","2","Medium","121987.126"
"12","643","Russian Federation","122","2071","3","High","145987.304"
"12","643","Russian Federation","122","2071","4","Low","100985.311"
"12","643","Russian Federation","122","2071","5","Constant fertility","113712.5"
"12","643","Russian Federation","122","2071","6","Instant replacement","144046.038"
"12","643","Russian Federation","122","2071","7","Zero migration","115211.062"
"12","643","Russian Federation","122","2071","8","Constant mortality","102858.768"
"12","643","Russian Federation","122","2071","9","No change","94782.098"
"12","643","Russian Federation","122","2071","10","Momentum","117488.508"
"12","643","Russian Federation","122","2071","16","Instant replacement zero migration","136610.908"
"12","643","Russian Federation","122","2071","202","Median PI","121987.126"
"12","643","Russian Federation","122","2071","203","Upper 80 PI","133879.793"
"12","643","Russian Federation","122","2071","204","Lower 80 PI","109029.282"
"12","643","Russian Federation","122","2071","206","Upper 95 PI","140233.451"
"12","643","Russian Federation","122","2071","207","Lower 95 PI","101790.484"
"12","643","Russian Federation","121","2070","2","Medium","122489.972"
"12","643","Russian Federation","121","2070","3","High","145721.981"
"12","643","Russian Federation","121","2070","4","Low","102066.58"
"12","643","Russian Federation","121","2070","5","Constant fertility","114496.397"
"12","643","Russian Federation","121","2070","6","Instant replacement","143996.79"
"12","643","Russian Federation","121","2070","7","Zero migration","115859.632"
"12","643","Russian Federation","121","2070","8","Constant mortality","103508.254"
"12","643","Russian Federation","121","2070","9","No change","95699.402"
"12","643","Russian Federation","121","2070","10","Momentum","117767.702"
"12","643","Russian Federation","121","2070","16","Instant replacement zero migration","136732.139"
"12","643","Russian Federation","121","2070","202","Median PI","122489.972"
"12","643","Russian Federation","121","2070","203","Upper 80 PI","134065.882"
"12","643","Russian Federation","121","2070","204","Lower 80 PI","109753.994"
"12","643","Russian Federation","121","2070","206","Upper 95 PI","140283.494"
"12","643","Russian Federation","121","2070","207","Lower 95 PI","102773.162"
"12","643","Russian Federation","120","2069","2","Medium","123004.018"
"12","643","Russian Federation","120","2069","3","High","145475.517"
"12","643","Russian Federation","120","2069","4","Low","103153.957"
"12","643","Russian Federation","120","2069","5","Constant fertility","115279.177"
"12","643","Russian Federation","120","2069","6","Instant replacement","143959.925"
"12","643","Russian Federation","120","2069","7","Zero migration","116519.641"
"12","643","Russian Federation","120","2069","8","Constant mortality","104188.562"
"12","643","Russian Federation","120","2069","9","No change","96636.098"
"12","643","Russian Federation","120","2069","10","Momentum","118077.295"
"12","643","Russian Federation","120","2069","16","Instant replacement zero migration","136865.617"
"12","643","Russian Federation","120","2069","202","Median PI","123004.018"
"12","643","Russian Federation","120","2069","203","Upper 80 PI","134416.548"
"12","643","Russian Federation","120","2069","204","Lower 80 PI","110543.501"
"12","643","Russian Federation","120","2069","206","Upper 95 PI","140339.874"
"12","643","Russian Federation","120","2069","207","Lower 95 PI","103681.709"
"12","643","Russian Federation","119","2068","2","Medium","123525.046"
"12","643","Russian Federation","119","2068","3","High","145243.278"
"12","643","Russian Federation","119","2068","4","Low","104243.571"
"12","643","Russian Federation","119","2068","5","Constant fertility","116060.625"
"12","643","Russian Federation","119","2068","6","Instant replacement","143933.715"
"12","643","Russian Federation","119","2068","7","Zero migration","117187.03"
"12","643","Russian Federation","119","2068","8","Constant mortality","104895.658"
"12","643","Russian Federation","119","2068","9","No change","97592.071"
"12","643","Russian Federation","119","2068","10","Momentum","118415.74"
"12","643","Russian Federation","119","2068","16","Instant replacement zero migration","137009.525"
"12","643","Russian Federation","119","2068","202","Median PI","123525.046"
"12","643","Russian Federation","119","2068","203","Upper 80 PI","134767.614"
"12","643","Russian Federation","119","2068","204","Lower 80 PI","111421.624"
"12","643","Russian Federation","119","2068","206","Upper 95 PI","140498.298"
"12","643","Russian Federation","119","2068","207","Lower 95 PI","104613.873"
"12","643","Russian Federation","118","2067","2","Medium","124056.898"
"12","643","Russian Federation","118","2067","3","High","145031.288"
"12","643","Russian Federation","118","2067","4","Low","105337.289"
"12","643","Russian Federation","118","2067","5","Constant fertility","116840.427"
"12","643","Russian Federation","118","2067","6","Instant replacement","143915.752"
"12","643","Russian Federation","118","2067","7","Zero migration","117865.226"
"12","643","Russian Federation","118","2067","8","Constant mortality","105633.2"
"12","643","Russian Federation","118","2067","9","No change","98566.872"
"12","643","Russian Federation","118","2067","10","Momentum","118780.617"
"12","643","Russian Federation","118","2067","16","Instant replacement zero migration","137161.397"
"12","643","Russian Federation","118","2067","202","Median PI","124056.898"
"12","643","Russian Federation","118","2067","203","Upper 80 PI","135005.737"
"12","643","Russian Federation","118","2067","204","Lower 80 PI","112271.492"
"12","643","Russian Federation","118","2067","206","Upper 95 PI","140615.892"
"12","643","Russian Federation","118","2067","207","Lower 95 PI","105518.383"
"12","643","Russian Federation","117","2066","2","Medium","124601.187"
"12","643","Russian Federation","117","2066","3","High","144842.769"
"12","643","Russian Federation","117","2066","4","Low","106435.537"
"12","643","Russian Federation","117","2066","5","Constant fertility","117618.867"
"12","643","Russian Federation","117","2066","6","Instant replacement","143903.926"
"12","643","Russian Federation","117","2066","7","Zero migration","118555.589"
"12","643","Russian Federation","117","2066","8","Constant mortality","106401.784"
"12","643","Russian Federation","117","2066","9","No change","99559.734"
"12","643","Russian Federation","117","2066","10","Momentum","119168.826"
"12","643","Russian Federation","117","2066","16","Instant replacement zero migration","137319.037"
"12","643","Russian Federation","117","2066","202","Median PI","124601.187"
"12","643","Russian Federation","117","2066","203","Upper 80 PI","135226.339"
"12","643","Russian Federation","117","2066","204","Lower 80 PI","112958.966"
"12","643","Russian Federation","117","2066","206","Upper 95 PI","140732.108"
"12","643","Russian Federation","117","2066","207","Lower 95 PI","106377.691"
"12","643","Russian Federation","116","2065","2","Medium","125152.477"
"12","643","Russian Federation","116","2065","3","High","144671.85"
"12","643","Russian Federation","116","2065","4","Low","107533.648"
"12","643","Russian Federation","116","2065","5","Constant fertility","118396.239"
"12","643","Russian Federation","116","2065","6","Instant replacement","143896.264"
"12","643","Russian Federation","116","2065","7","Zero migration","119252.889"
"12","643","Russian Federation","116","2065","8","Constant mortality","107194.699"
"12","643","Russian Federation","116","2065","9","No change","100569.568"
"12","643","Russian Federation","116","2065","10","Momentum","119577.018"
"12","643","Russian Federation","116","2065","16","Instant replacement zero migration","137480.358"
"12","643","Russian Federation","116","2065","202","Median PI","125152.477"
"12","643","Russian Federation","116","2065","203","Upper 80 PI","135500.788"
"12","643","Russian Federation","116","2065","204","Lower 80 PI","113687.227"
"12","643","Russian Federation","116","2065","206","Upper 95 PI","140884.787"
"12","643","Russian Federation","116","2065","207","Lower 95 PI","107284.402"
"12","643","Russian Federation","115","2064","2","Medium","125708.193"
"12","643","Russian Federation","115","2064","3","High","144516.585"
"12","643","Russian Federation","115","2064","4","Low","108628.936"
"12","643","Russian Federation","115","2064","5","Constant fertility","119172.569"
"12","643","Russian Federation","115","2064","6","Instant replacement","143890.768"
"12","643","Russian Federation","115","2064","7","Zero migration","119954.545"
"12","643","Russian Federation","115","2064","8","Constant mortality","108008.05"
"12","643","Russian Federation","115","2064","9","No change","101595.015"
"12","643","Russian Federation","115","2064","10","Momentum","120001.811"
"12","643","Russian Federation","115","2064","16","Instant replacement zero migration","137643.264"
"12","643","Russian Federation","115","2064","202","Median PI","125708.193"
"12","643","Russian Federation","115","2064","203","Upper 80 PI","135836.247"
"12","643","Russian Federation","115","2064","204","Lower 80 PI","114581.743"
"12","643","Russian Federation","115","2064","206","Upper 95 PI","141119.954"
"12","643","Russian Federation","115","2064","207","Lower 95 PI","108243.366"
"12","643","Russian Federation","114","2063","2","Medium","126266.229"
"12","643","Russian Federation","114","2063","3","High","144375.708"
"12","643","Russian Federation","114","2063","4","Low","109719.21"
"12","643","Russian Federation","114","2063","5","Constant fertility","119948.438"
"12","643","Russian Federation","114","2063","6","Instant replacement","143886.326"
"12","643","Russian Federation","114","2063","7","Zero migration","120658.447"
"12","643","Russian Federation","114","2063","8","Constant mortality","108837.68"
"12","643","Russian Federation","114","2063","9","No change","102634.542"
"12","643","Russian Federation","114","2063","10","Momentum","120439.936"
"12","643","Russian Federation","114","2063","16","Instant replacement zero migration","137806.534"
"12","643","Russian Federation","114","2063","202","Median PI","126266.229"
"12","643","Russian Federation","114","2063","203","Upper 80 PI","136194.873"
"12","643","Russian Federation","114","2063","204","Lower 80 PI","115504.774"
"12","643","Russian Federation","114","2063","206","Upper 95 PI","141353.609"
"12","643","Russian Federation","114","2063","207","Lower 95 PI","109247.124"
"12","643","Russian Federation","113","2062","2","Medium","126828.583"
"12","643","Russian Federation","113","2062","3","High","144252.957"
"12","643","Russian Federation","113","2062","4","Low","110805.321"
"12","643","Russian Federation","113","2062","5","Constant fertility","120724.33"
"12","643","Russian Federation","113","2062","6","Instant replacement","143882.277"
"12","643","Russian Federation","113","2062","7","Zero migration","121366.277"
"12","643","Russian Federation","113","2062","8","Constant mortality","109683.457"
"12","643","Russian Federation","113","2062","9","No change","103686.507"
"12","643","Russian Federation","113","2062","10","Momentum","120888.595"
"12","643","Russian Federation","113","2062","16","Instant replacement zero migration","137969.364"
"12","643","Russian Federation","113","2062","202","Median PI","126828.584"
"12","643","Russian Federation","113","2062","203","Upper 80 PI","136459.274"
"12","643","Russian Federation","113","2062","204","Lower 80 PI","116362.883"
"12","643","Russian Federation","113","2062","206","Upper 95 PI","141451.697"
"12","643","Russian Federation","113","2062","207","Lower 95 PI","110324.702"
"12","643","Russian Federation","112","2061","2","Medium","127393.455"
"12","643","Russian Federation","112","2061","3","High","144147.406"
"12","643","Russian Federation","112","2061","4","Low","111885.125"
"12","643","Russian Federation","112","2061","5","Constant fertility","121499.826"
"12","643","Russian Federation","112","2061","6","Instant replacement","143877.739"
"12","643","Russian Federation","112","2061","7","Zero migration","122076.147"
"12","643","Russian Federation","112","2061","8","Constant mortality","110542.322"
"12","643","Russian Federation","112","2061","9","No change","104749.177"
"12","643","Russian Federation","112","2061","10","Momentum","121345.591"
"12","643","Russian Federation","112","2061","16","Instant replacement zero migration","138130.759"
"12","643","Russian Federation","112","2061","202","Median PI","127393.456"
"12","643","Russian Federation","112","2061","203","Upper 80 PI","136739.648"
"12","643","Russian Federation","112","2061","204","Lower 80 PI","117184.937"
"12","643","Russian Federation","112","2061","206","Upper 95 PI","141583.343"
"12","643","Russian Federation","112","2061","207","Lower 95 PI","111422.055"
"12","643","Russian Federation","111","2060","2","Medium","127957.595"
"12","643","Russian Federation","111","2060","3","High","144056.306"
"12","643","Russian Federation","111","2060","4","Low","112955.572"
"12","643","Russian Federation","111","2060","5","Constant fertility","122274.497"
"12","643","Russian Federation","111","2060","6","Instant replacement","143872.339"
"12","643","Russian Federation","111","2060","7","Zero migration","122784.83"
"12","643","Russian Federation","111","2060","8","Constant mortality","111409.682"
"12","643","Russian Federation","111","2060","9","No change","105820.712"
"12","643","Russian Federation","111","2060","10","Momentum","121809.119"
"12","643","Russian Federation","111","2060","16","Instant replacement zero migration","138290.245"
"12","643","Russian Federation","111","2060","202","Median PI","127957.595"
"12","643","Russian Federation","111","2060","203","Upper 80 PI","137047.455"
"12","643","Russian Federation","111","2060","204","Lower 80 PI","117982.093"
"12","643","Russian Federation","111","2060","206","Upper 95 PI","141774.392"
"12","643","Russian Federation","111","2060","207","Lower 95 PI","112430.314"
"12","643","Russian Federation","110","2059","2","Medium","128519.549"
"12","643","Russian Federation","110","2059","3","High","143978.734"
"12","643","Russian Federation","110","2059","4","Low","114015.181"
"12","643","Russian Federation","110","2059","5","Constant fertility","123048.246"
"12","643","Russian Federation","110","2059","6","Instant replacement","143866.864"
"12","643","Russian Federation","110","2059","7","Zero migration","123490.789"
"12","643","Russian Federation","110","2059","8","Constant mortality","112282.253"
"12","643","Russian Federation","110","2059","9","No change","106899.143"
"12","643","Russian Federation","110","2059","10","Momentum","122278.049"
"12","643","Russian Federation","110","2059","16","Instant replacement zero migration","138448.465"
"12","643","Russian Federation","110","2059","202","Median PI","128519.549"
"12","643","Russian Federation","110","2059","203","Upper 80 PI","137323.68"
"12","643","Russian Federation","110","2059","204","Lower 80 PI","118790.924"
"12","643","Russian Federation","110","2059","206","Upper 95 PI","141958.963"
"12","643","Russian Federation","110","2059","207","Lower 95 PI","113456.244"
"12","643","Russian Federation","109","2058","2","Medium","129076.299"
"12","643","Russian Federation","109","2058","3","High","143911.454"
"12","643","Russian Federation","109","2058","4","Low","115061.262"
"12","643","Russian Federation","109","2058","5","Constant fertility","123820.325"
"12","643","Russian Federation","109","2058","6","Instant replacement","143861.997"
"12","643","Russian Federation","109","2058","7","Zero migration","124191.01"
"12","643","Russian Federation","109","2058","8","Constant mortality","113155.667"
"12","643","Russian Federation","109","2058","9","No change","107982.307"
"12","643","Russian Federation","109","2058","10","Momentum","122751.639"
"12","643","Russian Federation","109","2058","16","Instant replacement zero migration","138606.005"
"12","643","Russian Federation","109","2058","202","Median PI","129076.299"
"12","643","Russian Federation","109","2058","203","Upper 80 PI","137645.31"
"12","643","Russian Federation","109","2058","204","Lower 80 PI","119587.349"
"12","643","Russian Federation","109","2058","206","Upper 95 PI","142160.918"
"12","643","Russian Federation","109","2058","207","Lower 95 PI","114412.477"
"12","643","Russian Federation","108","2057","2","Medium","129627.234"
"12","643","Russian Federation","108","2057","3","High","143853.839"
"12","643","Russian Federation","108","2057","4","Low","116093.231"
"12","643","Russian Federation","108","2057","5","Constant fertility","124590.203"
"12","643","Russian Federation","108","2057","6","Instant replacement","143859.139"
"12","643","Russian Federation","108","2057","7","Zero migration","124884.733"
"12","643","Russian Federation","108","2057","8","Constant mortality","114027.53"
"12","643","Russian Federation","108","2057","9","No change","109067.869"
"12","643","Russian Federation","108","2057","10","Momentum","123229.461"
"12","643","Russian Federation","108","2057","16","Instant replacement zero migration","138764.133"
"12","643","Russian Federation","108","2057","202","Median PI","129627.234"
"12","643","Russian Federation","108","2057","203","Upper 80 PI","137849.679"
"12","643","Russian Federation","108","2057","204","Lower 80 PI","120348.831"
"12","643","Russian Federation","108","2057","206","Upper 95 PI","142282.472"
"12","643","Russian Federation","108","2057","207","Lower 95 PI","115160.753"
"12","643","Russian Federation","107","2056","2","Medium","130169.445"
"12","643","Russian Federation","107","2056","3","High","143803.048"
"12","643","Russian Federation","107","2056","4","Low","117108.566"
"12","643","Russian Federation","107","2056","5","Constant fertility","125356.224"
"12","643","Russian Federation","107","2056","6","Instant replacement","143859.065"
"12","643","Russian Federation","107","2056","7","Zero migration","125569.004"
"12","643","Russian Federation","107","2056","8","Constant mortality","114894.182"
"12","643","Russian Federation","107","2056","9","No change","110153.367"
"12","643","Russian Federation","107","2056","10","Momentum","123711.504"
"12","643","Russian Federation","107","2056","16","Instant replacement zero migration","138923.527"
"12","643","Russian Federation","107","2056","202","Median PI","130169.445"
"12","643","Russian Federation","107","2056","203","Upper 80 PI","138029.289"
"12","643","Russian Federation","107","2056","204","Lower 80 PI","121098.991"
"12","643","Russian Federation","107","2056","206","Upper 95 PI","142451.619"
"12","643","Russian Federation","107","2056","207","Lower 95 PI","116107.104"
"12","643","Russian Federation","106","2055","2","Medium","130700.222"
"12","643","Russian Federation","106","2055","3","High","143756.761"
"12","643","Russian Federation","106","2055","4","Low","118105.046"
"12","643","Russian Federation","106","2055","5","Constant fertility","126115.934"
"12","643","Russian Federation","106","2055","6","Instant replacement","143861.848"
"12","643","Russian Federation","106","2055","7","Zero migration","126241.053"
"12","643","Russian Federation","106","2055","8","Constant mortality","115752.895"
"12","643","Russian Federation","106","2055","9","No change","111236.285"
"12","643","Russian Federation","106","2055","10","Momentum","124197.833"
"12","643","Russian Federation","106","2055","16","Instant replacement zero migration","139084.212"
"12","643","Russian Federation","106","2055","202","Median PI","130700.222"
"12","643","Russian Federation","106","2055","203","Upper 80 PI","138312.322"
"12","643","Russian Federation","106","2055","204","Lower 80 PI","121929.053"
"12","643","Russian Federation","106","2055","206","Upper 95 PI","142621.165"
"12","643","Russian Federation","106","2055","207","Lower 95 PI","117257.315"
"12","643","Russian Federation","105","2054","2","Medium","131217.865"
"12","643","Russian Federation","105","2054","3","High","143713.652"
"12","643","Russian Federation","105","2054","4","Low","119081.576"
"12","643","Russian Federation","105","2054","5","Constant fertility","126867.437"
"12","643","Russian Federation","105","2054","6","Instant replacement","143868.136"
"12","643","Russian Federation","105","2054","7","Zero migration","126899.102"
"12","643","Russian Federation","105","2054","8","Constant mortality","116601.508"
"12","643","Russian Federation","105","2054","9","No change","112314.242"
"12","643","Russian Federation","105","2054","10","Momentum","124688.632"
"12","643","Russian Federation","105","2054","16","Instant replacement zero migration","139246.762"
"12","643","Russian Federation","105","2054","202","Median PI","131217.865"
"12","643","Russian Federation","105","2054","203","Upper 80 PI","138558.679"
"12","643","Russian Federation","105","2054","204","Lower 80 PI","122760.308"
"12","643","Russian Federation","105","2054","206","Upper 95 PI","142649.53"
"12","643","Russian Federation","105","2054","207","Lower 95 PI","118181.716"
"12","643","Russian Federation","104","2053","2","Medium","131720.512"
"12","643","Russian Federation","104","2053","3","High","143672.451"
"12","643","Russian Federation","104","2053","4","Low","120037.102"
"12","643","Russian Federation","104","2053","5","Constant fertility","127608.811"
"12","643","Russian Federation","104","2053","6","Instant replacement","143878.459"
"12","643","Russian Federation","104","2053","7","Zero migration","127541.259"
"12","643","Russian Federation","104","2053","8","Constant mortality","117438.05"
"12","643","Russian Federation","104","2053","9","No change","113385.17"
"12","643","Russian Federation","104","2053","10","Momentum","125184.351"
"12","643","Russian Federation","104","2053","16","Instant replacement zero migration","139411.671"
"12","643","Russian Federation","104","2053","202","Median PI","131720.512"
"12","643","Russian Federation","104","2053","203","Upper 80 PI","138786.121"
"12","643","Russian Federation","104","2053","204","Lower 80 PI","123516.714"
"12","643","Russian Federation","104","2053","206","Upper 95 PI","142758.766"
"12","643","Russian Federation","104","2053","207","Lower 95 PI","118970.584"
"12","643","Russian Federation","103","2052","2","Medium","132208.665"
"12","643","Russian Federation","103","2052","3","High","143634.498"
"12","643","Russian Federation","103","2052","4","Low","120972.774"
"12","643","Russian Federation","103","2052","5","Constant fertility","128337.77"
"12","643","Russian Federation","103","2052","6","Instant replacement","143892.652"
"12","643","Russian Federation","103","2052","7","Zero migration","128167.869"
"12","643","Russian Federation","103","2052","8","Constant mortality","118263.647"
"12","643","Russian Federation","103","2052","9","No change","114447.409"
"12","643","Russian Federation","103","2052","10","Momentum","125685.561"
"12","643","Russian Federation","103","2052","16","Instant replacement zero migration","139578.764"
"12","643","Russian Federation","103","2052","202","Median PI","132208.665"
"12","643","Russian Federation","103","2052","203","Upper 80 PI","139076.552"
"12","643","Russian Federation","103","2052","204","Lower 80 PI","124343.274"
"12","643","Russian Federation","103","2052","206","Upper 95 PI","142892.036"
"12","643","Russian Federation","103","2052","207","Lower 95 PI","119900.291"
"12","643","Russian Federation","102","2051","2","Medium","132680.696"
"12","643","Russian Federation","102","2051","3","High","143598.165"
"12","643","Russian Federation","102","2051","4","Low","121887.996"
"12","643","Russian Federation","102","2051","5","Constant fertility","129052.012"
"12","643","Russian Federation","102","2051","6","Instant replacement","143909.867"
"12","643","Russian Federation","102","2051","7","Zero migration","128777.31"
"12","643","Russian Federation","102","2051","8","Constant mortality","119077.797"
"12","643","Russian Federation","102","2051","9","No change","115499.757"
"12","643","Russian Federation","102","2051","10","Momentum","126192.638"
"12","643","Russian Federation","102","2051","16","Instant replacement zero migration","139747.205"
"12","643","Russian Federation","102","2051","202","Median PI","132680.696"
"12","643","Russian Federation","102","2051","203","Upper 80 PI","139382.159"
"12","643","Russian Federation","102","2051","204","Lower 80 PI","125155.364"
"12","643","Russian Federation","102","2051","206","Upper 95 PI","142992.869"
"12","643","Russian Federation","102","2051","207","Lower 95 PI","120901.353"
"12","643","Russian Federation","101","2050","2","Medium","133133.035"
"12","643","Russian Federation","101","2050","3","High","143559.369"
"12","643","Russian Federation","101","2050","4","Low","122780.493"
"12","643","Russian Federation","101","2050","5","Constant fertility","129750.644"
"12","643","Russian Federation","101","2050","6","Instant replacement","143929.685"
"12","643","Russian Federation","101","2050","7","Zero migration","129366.185"
"12","643","Russian Federation","101","2050","8","Constant mortality","119877.139"
"12","643","Russian Federation","101","2050","9","No change","116541.462"
"12","643","Russian Federation","101","2050","10","Momentum","126705.489"
"12","643","Russian Federation","101","2050","16","Instant replacement zero migration","139916.643"
"12","643","Russian Federation","101","2050","202","Median PI","133133.035"
"12","643","Russian Federation","101","2050","203","Upper 80 PI","139636.626"
"12","643","Russian Federation","101","2050","204","Lower 80 PI","125880.107"
"12","643","Russian Federation","101","2050","206","Upper 95 PI","143097.127"
"12","643","Russian Federation","101","2050","207","Lower 95 PI","121813.888"
"12","643","Russian Federation","100","2049","2","Medium","133568.298"
"12","643","Russian Federation","100","2049","3","High","143520.781"
"12","643","Russian Federation","100","2049","4","Low","123653.75"
"12","643","Russian Federation","100","2049","5","Constant fertility","130432.702"
"12","643","Russian Federation","100","2049","6","Instant replacement","143951.053"
"12","643","Russian Federation","100","2049","7","Zero migration","129937.055"
"12","643","Russian Federation","100","2049","8","Constant mortality","120664.945"
"12","643","Russian Federation","100","2049","9","No change","117572.253"
"12","643","Russian Federation","100","2049","10","Momentum","127223.913"
"12","643","Russian Federation","100","2049","16","Instant replacement zero migration","140086.125"
"12","643","Russian Federation","100","2049","202","Median PI","133568.298"
"12","643","Russian Federation","100","2049","203","Upper 80 PI","139880.705"
"12","643","Russian Federation","100","2049","204","Lower 80 PI","126593.815"
"12","643","Russian Federation","100","2049","206","Upper 95 PI","143191.32"
"12","643","Russian Federation","100","2049","207","Lower 95 PI","122536.083"
"12","643","Russian Federation","99","2048","2","Medium","133988.174"
"12","643","Russian Federation","99","2048","3","High","143483.709"
"12","643","Russian Federation","99","2048","4","Low","124510.201"
"12","643","Russian Federation","99","2048","5","Constant fertility","131096.9"
"12","643","Russian Federation","99","2048","6","Instant replacement","143972.549"
"12","643","Russian Federation","99","2048","7","Zero migration","130491.633"
"12","643","Russian Federation","99","2048","8","Constant mortality","121444.37"
"12","643","Russian Federation","99","2048","9","No change","118592.312"
"12","643","Russian Federation","99","2048","10","Momentum","127748.118"
"12","643","Russian Federation","99","2048","16","Instant replacement zero migration","140254.342"
"12","643","Russian Federation","99","2048","202","Median PI","133988.174"
"12","643","Russian Federation","99","2048","203","Upper 80 PI","140122.948"
"12","643","Russian Federation","99","2048","204","Lower 80 PI","127363.231"
"12","643","Russian Federation","99","2048","206","Upper 95 PI","143312.542"
"12","643","Russian Federation","99","2048","207","Lower 95 PI","123272.717"
"12","643","Russian Federation","98","2047","2","Medium","134390.857"
"12","643","Russian Federation","98","2047","3","High","143444.422"
"12","643","Russian Federation","98","2047","4","Low","125348.672"
"12","643","Russian Federation","98","2047","5","Constant fertility","131742.411"
"12","643","Russian Federation","98","2047","6","Instant replacement","143993.229"
"12","643","Russian Federation","98","2047","7","Zero migration","131028.292"
"12","643","Russian Federation","98","2047","8","Constant mortality","122215.053"
"12","643","Russian Federation","98","2047","9","No change","119602.238"
"12","643","Russian Federation","98","2047","10","Momentum","128278.757"
"12","643","Russian Federation","98","2047","16","Instant replacement zero migration","140420.473"
"12","643","Russian Federation","98","2047","202","Median PI","134390.857"
"12","643","Russian Federation","98","2047","203","Upper 80 PI","140314.163"
"12","643","Russian Federation","98","2047","204","Lower 80 PI","128052.027"
"12","643","Russian Federation","98","2047","206","Upper 95 PI","143313.561"
"12","643","Russian Federation","98","2047","207","Lower 95 PI","124042.815"
"12","643","Russian Federation","97","2046","2","Medium","134783.212"
"12","643","Russian Federation","97","2046","3","High","143407.125"
"12","643","Russian Federation","97","2046","4","Low","126176.021"
"12","643","Russian Federation","97","2046","5","Constant fertility","132369.576"
"12","643","Russian Federation","97","2046","6","Instant replacement","144013.773"
"12","643","Russian Federation","97","2046","7","Zero migration","131553.797"
"12","643","Russian Federation","97","2046","8","Constant mortality","122984.457"
"12","643","Russian Federation","97","2046","9","No change","120603.027"
"12","643","Russian Federation","97","2046","10","Momentum","128817.298"
"12","643","Russian Federation","97","2046","16","Instant replacement zero migration","140585.302"
"12","643","Russian Federation","97","2046","202","Median PI","134783.212"
"12","643","Russian Federation","97","2046","203","Upper 80 PI","140522.304"
"12","643","Russian Federation","97","2046","204","Lower 80 PI","128667.074"
"12","643","Russian Federation","97","2046","206","Upper 95 PI","143331.368"
"12","643","Russian Federation","97","2046","207","Lower 95 PI","124881.843"
"12","643","Russian Federation","96","2045","2","Medium","135171.274"
"12","643","Russian Federation","96","2045","3","High","143375.136"
"12","643","Russian Federation","96","2045","4","Low","126997.938"
"12","643","Russian Federation","96","2045","5","Constant fertility","132978.141"
"12","643","Russian Federation","96","2045","6","Instant replacement","144035.153"
"12","643","Russian Federation","96","2045","7","Zero migration","132074.142"
"12","643","Russian Federation","96","2045","8","Constant mortality","123760.17"
"12","643","Russian Federation","96","2045","9","No change","121596.015"
"12","643","Russian Federation","96","2045","10","Momentum","129366.394"
"12","643","Russian Federation","96","2045","16","Instant replacement zero migration","140749.903"
"12","643","Russian Federation","96","2045","202","Median PI","135171.274"
"12","643","Russian Federation","96","2045","203","Upper 80 PI","140745.769"
"12","643","Russian Federation","96","2045","204","Lower 80 PI","129322.571"
"12","643","Russian Federation","96","2045","206","Upper 95 PI","143410.056"
"12","643","Russian Federation","96","2045","207","Lower 95 PI","125685.273"
"12","643","Russian Federation","95","2044","2","Medium","135554.9"
"12","643","Russian Federation","95","2044","3","High","143345.586"
"12","643","Russian Federation","95","2044","4","Low","127813.731"
"12","643","Russian Federation","95","2044","5","Constant fertility","133568.584"
"12","643","Russian Federation","95","2044","6","Instant replacement","144059.604"
"12","643","Russian Federation","95","2044","7","Zero migration","132589.378"
"12","643","Russian Federation","95","2044","8","Constant mortality","124543.169"
"12","643","Russian Federation","95","2044","9","No change","122582.784"
"12","643","Russian Federation","95","2044","10","Momentum","129929.47"
"12","643","Russian Federation","95","2044","16","Instant replacement zero migration","140916.614"
"12","643","Russian Federation","95","2044","202","Median PI","135554.9"
"12","643","Russian Federation","95","2044","203","Upper 80 PI","140910.681"
"12","643","Russian Federation","95","2044","204","Lower 80 PI","129960.789"
"12","643","Russian Federation","95","2044","206","Upper 95 PI","143393.083"
"12","643","Russian Federation","95","2044","207","Lower 95 PI","126419.795"
"12","643","Russian Federation","94","2043","2","Medium","135935.122"
"12","643","Russian Federation","94","2043","3","High","143316.513"
"12","643","Russian Federation","94","2043","4","Low","128623.623"
"12","643","Russian Federation","94","2043","5","Constant fertility","134142.256"
"12","643","Russian Federation","94","2043","6","Instant replacement","144089.985"
"12","643","Russian Federation","94","2043","7","Zero migration","133100.675"
"12","643","Russian Federation","94","2043","8","Constant mortality","125334.975"
"12","643","Russian Federation","94","2043","9","No change","123565.178"
"12","643","Russian Federation","94","2043","10","Momentum","130509.958"
"12","643","Russian Federation","94","2043","16","Instant replacement zero migration","141088.384"
"12","643","Russian Federation","94","2043","202","Median PI","135935.122"
"12","643","Russian Federation","94","2043","203","Upper 80 PI","141029.979"
"12","643","Russian Federation","94","2043","204","Lower 80 PI","130597.224"
"12","643","Russian Federation","94","2043","206","Upper 95 PI","143341.179"
"12","643","Russian Federation","94","2043","207","Lower 95 PI","127235.939"
"12","643","Russian Federation","93","2042","2","Medium","136317.799"
"12","643","Russian Federation","93","2042","3","High","143290.908"
"12","643","Russian Federation","93","2042","4","Low","129432.517"
"12","643","Russian Federation","93","2042","5","Constant fertility","134700.133"
"12","643","Russian Federation","93","2042","6","Instant replacement","144128.492"
"12","643","Russian Federation","93","2042","7","Zero migration","133613.857"
"12","643","Russian Federation","93","2042","8","Constant mortality","126142.578"
"12","643","Russian Federation","93","2042","9","No change","124545.328"
"12","643","Russian Federation","93","2042","10","Momentum","131111.294"
"12","643","Russian Federation","93","2042","16","Instant replacement zero migration","141267.495"
"12","643","Russian Federation","93","2042","202","Median PI","136317.8"
"12","643","Russian Federation","93","2042","203","Upper 80 PI","141155.979"
"12","643","Russian Federation","93","2042","204","Lower 80 PI","131227.753"
"12","643","Russian Federation","93","2042","206","Upper 95 PI","143354.752"
"12","643","Russian Federation","93","2042","207","Lower 95 PI","128146.575"
"12","643","Russian Federation","92","2041","2","Medium","136709.408"
"12","643","Russian Federation","92","2041","3","High","143272.839"
"12","643","Russian Federation","92","2041","4","Low","130245.983"
"12","643","Russian Federation","92","2041","5","Constant fertility","135244.804"
"12","643","Russian Federation","92","2041","6","Instant replacement","144178.263"
"12","643","Russian Federation","92","2041","7","Zero migration","134135.362"
"12","643","Russian Federation","92","2041","8","Constant mortality","126972.093"
"12","643","Russian Federation","92","2041","9","No change","125525.484"
"12","643","Russian Federation","92","2041","10","Momentum","131736.339"
"12","643","Russian Federation","92","2041","16","Instant replacement zero migration","141457.157"
"12","643","Russian Federation","92","2041","202","Median PI","136709.409"
"12","643","Russian Federation","92","2041","203","Upper 80 PI","141345.741"
"12","643","Russian Federation","92","2041","204","Lower 80 PI","131860.53"
"12","643","Russian Federation","92","2041","206","Upper 95 PI","143418.71"
"12","643","Russian Federation","92","2041","207","Lower 95 PI","129119.013"
"12","643","Russian Federation","91","2040","2","Medium","137110.991"
"12","643","Russian Federation","91","2040","3","High","143261.976"
"12","643","Russian Federation","91","2040","4","Low","131064.463"
"12","643","Russian Federation","91","2040","5","Constant fertility","135778.489"
"12","643","Russian Federation","91","2040","6","Instant replacement","144240.502"
"12","643","Russian Federation","91","2040","7","Zero migration","134666.212"
"12","643","Russian Federation","91","2040","8","Constant mortality","127824.465"
"12","643","Russian Federation","91","2040","9","No change","126507.779"
"12","643","Russian Federation","91","2040","10","Momentum","132386.125"
"12","643","Russian Federation","91","2040","16","Instant replacement zero migration","141658.517"
"12","643","Russian Federation","91","2040","202","Median PI","137110.991"
"12","643","Russian Federation","91","2040","203","Upper 80 PI","141550.158"
"12","643","Russian Federation","91","2040","204","Lower 80 PI","132516.967"
"12","643","Russian Federation","91","2040","206","Upper 95 PI","143443.193"
"12","643","Russian Federation","91","2040","207","Lower 95 PI","129978.985"
"12","643","Russian Federation","90","2039","2","Medium","137521.801"
"12","643","Russian Federation","90","2039","3","High","143258.068"
"12","643","Russian Federation","90","2039","4","Low","131887.05"
"12","643","Russian Federation","90","2039","5","Constant fertility","136303.51"
"12","643","Russian Federation","90","2039","6","Instant replacement","144314.509"
"12","643","Russian Federation","90","2039","7","Zero migration","135205.593"
"12","643","Russian Federation","90","2039","8","Constant mortality","128698.628"
"12","643","Russian Federation","90","2039","9","No change","127494.2"
"12","643","Russian Federation","90","2039","10","Momentum","133059.541"
"12","643","Russian Federation","90","2039","16","Instant replacement zero migration","141870.772"
"12","643","Russian Federation","90","2039","202","Median PI","137521.801"
"12","643","Russian Federation","90","2039","203","Upper 80 PI","141727.698"
"12","643","Russian Federation","90","2039","204","Lower 80 PI","133171.51"
"12","643","Russian Federation","90","2039","206","Upper 95 PI","143498.037"
"12","643","Russian Federation","90","2039","207","Lower 95 PI","130762.349"
"12","643","Russian Federation","89","2038","2","Medium","137938.508"
"12","643","Russian Federation","89","2038","3","High","143259.41"
"12","643","Russian Federation","89","2038","4","Low","132710.551"
"12","643","Russian Federation","89","2038","5","Constant fertility","136822.695"
"12","643","Russian Federation","89","2038","6","Instant replacement","144398.698"
"12","643","Russian Federation","89","2038","7","Zero migration","135750.22"
"12","643","Russian Federation","89","2038","8","Constant mortality","129590.385"
"12","643","Russian Federation","89","2038","9","No change","128486.667"
"12","643","Russian Federation","89","2038","10","Momentum","133754.115"
"12","643","Russian Federation","89","2038","16","Instant replacement zero migration","142092.309"
"12","643","Russian Federation","89","2038","202","Median PI","137938.508"
"12","643","Russian Federation","89","2038","203","Upper 80 PI","141894.484"
"12","643","Russian Federation","89","2038","204","Lower 80 PI","133902.581"
"12","643","Russian Federation","89","2038","206","Upper 95 PI","143643.918"
"12","643","Russian Federation","89","2038","207","Lower 95 PI","131587.544"
"12","643","Russian Federation","88","2037","2","Medium","138360.672"
"12","643","Russian Federation","88","2037","3","High","143267.283"
"12","643","Russian Federation","88","2037","4","Low","133534.79"
"12","643","Russian Federation","88","2037","5","Constant fertility","137339.076"
"12","643","Russian Federation","88","2037","6","Instant replacement","144491.255"
"12","643","Russian Federation","88","2037","7","Zero migration","136299.608"
"12","643","Russian Federation","88","2037","8","Constant mortality","130498.057"
"12","643","Russian Federation","88","2037","9","No change","129486.944"
"12","643","Russian Federation","88","2037","10","Momentum","134466.744"
"12","643","Russian Federation","88","2037","16","Instant replacement zero migration","142321.274"
"12","643","Russian Federation","88","2037","202","Median PI","138360.672"
"12","643","Russian Federation","88","2037","203","Upper 80 PI","142043.63"
"12","643","Russian Federation","88","2037","204","Lower 80 PI","134649.869"
"12","643","Russian Federation","88","2037","206","Upper 95 PI","143755.913"
"12","643","Russian Federation","88","2037","207","Lower 95 PI","132476.73"
"12","643","Russian Federation","87","2036","2","Medium","138790.761"
"12","643","Russian Federation","87","2036","3","High","143285.766"
"12","643","Russian Federation","87","2036","4","Low","134362.58"
"12","643","Russian Federation","87","2036","5","Constant fertility","137855.218"
"12","643","Russian Federation","87","2036","6","Instant replacement","144590.222"
"12","643","Russian Federation","87","2036","7","Zero migration","136856.043"
"12","643","Russian Federation","87","2036","8","Constant mortality","131422.896"
"12","643","Russian Federation","87","2036","9","No change","130496.377"
"12","643","Russian Federation","87","2036","10","Momentum","135194.206"
"12","643","Russian Federation","87","2036","16","Instant replacement zero migration","142555.611"
"12","643","Russian Federation","87","2036","202","Median PI","138790.762"
"12","643","Russian Federation","87","2036","203","Upper 80 PI","142176.345"
"12","643","Russian Federation","87","2036","204","Lower 80 PI","135344.721"
"12","643","Russian Federation","87","2036","206","Upper 95 PI","143809.225"
"12","643","Russian Federation","87","2036","207","Lower 95 PI","133344.657"
"12","643","Russian Federation","86","2035","2","Medium","139227.987"
"12","643","Russian Federation","86","2035","3","High","143315.293"
"12","643","Russian Federation","86","2035","4","Low","135193.587"
"12","643","Russian Federation","86","2035","5","Constant fertility","138373.111"
"12","643","Russian Federation","86","2035","6","Instant replacement","144693.565"
"12","643","Russian Federation","86","2035","7","Zero migration","137418.63"
"12","643","Russian Federation","86","2035","8","Constant mortality","132362.766"
"12","643","Russian Federation","86","2035","9","No change","131515.593"
"12","643","Russian Federation","86","2035","10","Momentum","135933.022"
"12","643","Russian Federation","86","2035","16","Instant replacement zero migration","142793.171"
"12","643","Russian Federation","86","2035","202","Median PI","139227.987"
"12","643","Russian Federation","86","2035","203","Upper 80 PI","142333.587"
"12","643","Russian Federation","86","2035","204","Lower 80 PI","136065.034"
"12","643","Russian Federation","86","2035","206","Upper 95 PI","143881.484"
"12","643","Russian Federation","86","2035","207","Lower 95 PI","134192.482"
"12","643","Russian Federation","85","2034","2","Medium","139670.938"
"12","643","Russian Federation","85","2034","3","High","143354.947"
"12","643","Russian Federation","85","2034","4","Low","136027.027"
"12","643","Russian Federation","85","2034","5","Constant fertility","138893.796"
"12","643","Russian Federation","85","2034","6","Instant replacement","144798.864"
"12","643","Russian Federation","85","2034","7","Zero migration","137985.862"
"12","643","Russian Federation","85","2034","8","Constant mortality","133314.901"
"12","643","Russian Federation","85","2034","9","No change","132544.256"
"12","643","Russian Federation","85","2034","10","Momentum","136679.297"
"12","643","Russian Federation","85","2034","16","Instant replacement zero migration","143031.413"
"12","643","Russian Federation","85","2034","202","Median PI","139670.938"
"12","643","Russian Federation","85","2034","203","Upper 80 PI","142536.614"
"12","643","Russian Federation","85","2034","204","Lower 80 PI","136774.744"
"12","643","Russian Federation","85","2034","206","Upper 95 PI","143961.61"
"12","643","Russian Federation","85","2034","207","Lower 95 PI","135066.479"
"12","643","Russian Federation","84","2033","2","Medium","140115.666"
"12","643","Russian Federation","84","2033","3","High","143400.373"
"12","643","Russian Federation","84","2033","4","Low","136859.848"
"12","643","Russian Federation","84","2033","5","Constant fertility","139415.913"
"12","643","Russian Federation","84","2033","6","Instant replacement","144901.929"
"12","643","Russian Federation","84","2033","7","Zero migration","138553.683"
"12","643","Russian Federation","84","2033","8","Constant mortality","134275.368"
"12","643","Russian Federation","84","2033","9","No change","133581.006"
"12","643","Russian Federation","84","2033","10","Momentum","137428.699"
"12","643","Russian Federation","84","2033","16","Instant replacement zero migration","143265.992"
"12","643","Russian Federation","84","2033","202","Median PI","140115.666"
"12","643","Russian Federation","84","2033","203","Upper 80 PI","142763.593"
"12","643","Russian Federation","84","2033","204","Lower 80 PI","137476.43"
"12","643","Russian Federation","84","2033","206","Upper 95 PI","144064.125"
"12","643","Russian Federation","84","2033","207","Lower 95 PI","135963.806"
"12","643","Russian Federation","83","2032","2","Medium","140559.555"
"12","643","Russian Federation","83","2032","3","High","143447.889"
"12","643","Russian Federation","83","2032","4","Low","137690.628"
"12","643","Russian Federation","83","2032","5","Constant fertility","139938.409"
"12","643","Russian Federation","83","2032","6","Instant replacement","144999.232"
"12","643","Russian Federation","83","2032","7","Zero migration","139119.35"
"12","643","Russian Federation","83","2032","8","Constant mortality","135240.314"
"12","643","Russian Federation","83","2032","9","No change","134623.549"
"12","643","Russian Federation","83","2032","10","Momentum","138176.254"
"12","643","Russian Federation","83","2032","16","Instant replacement zero migration","143493.205"
"12","643","Russian Federation","83","2032","202","Median PI","140559.555"
"12","643","Russian Federation","83","2032","203","Upper 80 PI","142990.828"
"12","643","Russian Federation","83","2032","204","Lower 80 PI","138183.732"
"12","643","Russian Federation","83","2032","206","Upper 95 PI","144189.652"
"12","643","Russian Federation","83","2032","207","Lower 95 PI","136808.647"
"12","643","Russian Federation","82","2031","2","Medium","141000.041"
"12","643","Russian Federation","82","2031","3","High","143532.523"
"12","643","Russian Federation","82","2031","4","Low","138479.4"
"12","643","Russian Federation","82","2031","5","Constant fertility","140459.372"
"12","643","Russian Federation","82","2031","6","Instant replacement","145086.914"
"12","643","Russian Federation","82","2031","7","Zero migration","139679.909"
"12","643","Russian Federation","82","2031","8","Constant mortality","136206.16"
"12","643","Russian Federation","82","2031","9","No change","135668.954"
"12","643","Russian Federation","82","2031","10","Momentum","138916.682"
"12","643","Russian Federation","82","2031","16","Instant replacement zero migration","143708.766"
"12","643","Russian Federation","82","2031","202","Median PI","141000.041"
"12","643","Russian Federation","82","2031","203","Upper 80 PI","143187.245"
"12","643","Russian Federation","82","2031","204","Lower 80 PI","138887.733"
"12","643","Russian Federation","82","2031","206","Upper 95 PI","144254.673"
"12","643","Russian Federation","82","2031","207","Lower 95 PI","137666.992"
"12","643","Russian Federation","81","2030","2","Medium","141432.741"
"12","643","Russian Federation","81","2030","3","High","143648.548"
"12","643","Russian Federation","81","2030","4","Low","139223.083"
"12","643","Russian Federation","81","2030","5","Constant fertility","140974.829"
"12","643","Russian Federation","81","2030","6","Instant replacement","145159.619"
"12","643","Russian Federation","81","2030","7","Zero migration","140230.482"
"12","643","Russian Federation","81","2030","8","Constant mortality","137169.167"
"12","643","Russian Federation","81","2030","9","No change","136713.891"
"12","643","Russian Federation","81","2030","10","Momentum","139644.701"
"12","643","Russian Federation","81","2030","16","Instant replacement zero migration","143906.774"
"12","643","Russian Federation","81","2030","202","Median PI","141432.741"
"12","643","Russian Federation","81","2030","203","Upper 80 PI","143362.315"
"12","643","Russian Federation","81","2030","204","Lower 80 PI","139581.871"
"12","643","Russian Federation","81","2030","206","Upper 95 PI","144322.117"
"12","643","Russian Federation","81","2030","207","Lower 95 PI","138511.568"
"12","643","Russian Federation","80","2029","2","Medium","141854.94"
"12","643","Russian Federation","80","2029","3","High","143753.026"
"12","643","Russian Federation","80","2029","4","Low","139958.967"
"12","643","Russian Federation","80","2029","5","Constant fertility","141480.065"
"12","643","Russian Federation","80","2029","6","Instant replacement","145211.829"
"12","643","Russian Federation","80","2029","7","Zero migration","140768.041"
"12","643","Russian Federation","80","2029","8","Constant mortality","138127.682"
"12","643","Russian Federation","80","2029","9","No change","137754.717"
"12","643","Russian Federation","80","2029","10","Momentum","140355.488"
"12","643","Russian Federation","80","2029","16","Instant replacement zero migration","144081.382"
"12","643","Russian Federation","80","2029","202","Median PI","141854.941"
"12","643","Russian Federation","80","2029","203","Upper 80 PI","143532.232"
"12","643","Russian Federation","80","2029","204","Lower 80 PI","140245.044"
"12","643","Russian Federation","80","2029","206","Upper 95 PI","144380.916"
"12","643","Russian Federation","80","2029","207","Lower 95 PI","139307.524"
"12","643","Russian Federation","79","2028","2","Medium","142263.18"
"12","643","Russian Federation","79","2028","3","High","143841.158"
"12","643","Russian Federation","79","2028","4","Low","140684.848"
"12","643","Russian Federation","79","2028","5","Constant fertility","141970.653"
"12","643","Russian Federation","79","2028","6","Instant replacement","145238.681"
"12","643","Russian Federation","79","2028","7","Zero migration","141289.04"
"12","643","Russian Federation","79","2028","8","Constant mortality","139078.875"
"12","643","Russian Federation","79","2028","9","No change","138787.649"
"12","643","Russian Federation","79","2028","10","Momentum","141044.644"
"12","643","Russian Federation","79","2028","16","Instant replacement zero migration","144227.595"
"12","643","Russian Federation","79","2028","202","Median PI","142263.181"
"12","643","Russian Federation","79","2028","203","Upper 80 PI","143687.447"
"12","643","Russian Federation","79","2028","204","Lower 80 PI","140879.884"
"12","643","Russian Federation","79","2028","206","Upper 95 PI","144409.937"
"12","643","Russian Federation","79","2028","207","Lower 95 PI","140085.754"
"12","643","Russian Federation","78","2027","2","Medium","142662.574"
"12","643","Russian Federation","78","2027","3","High","143916.568"
"12","643","Russian Federation","78","2027","4","Low","141407.091"
"12","643","Russian Federation","78","2027","5","Constant fertility","142447.785"
"12","643","Russian Federation","78","2027","6","Instant replacement","145241.297"
"12","643","Russian Federation","78","2027","7","Zero migration","141791.721"
"12","643","Russian Federation","78","2027","8","Constant mortality","140029.559"
"12","643","Russian Federation","78","2027","9","No change","139815.579"
"12","643","Russian Federation","78","2027","10","Momentum","141708.122"
"12","643","Russian Federation","78","2027","16","Instant replacement zero migration","144339.717"
"12","643","Russian Federation","78","2027","202","Median PI","142662.574"
"12","643","Russian Federation","78","2027","203","Upper 80 PI","143845.468"
"12","643","Russian Federation","78","2027","204","Lower 80 PI","141501.06"
"12","643","Russian Federation","78","2027","206","Upper 95 PI","144468.062"
"12","643","Russian Federation","78","2027","207","Lower 95 PI","140830.038"
"12","643","Russian Federation","77","2026","2","Medium","143065.413"
"12","643","Russian Federation","77","2026","3","High","144052.425"
"12","643","Russian Federation","77","2026","4","Low","142076.727"
"12","643","Russian Federation","77","2026","5","Constant fertility","142918.924"
"12","643","Russian Federation","77","2026","6","Instant replacement","145227.302"
"12","643","Russian Federation","77","2026","7","Zero migration","142274.638"
"12","643","Russian Federation","77","2026","8","Constant mortality","140994.093"
"12","643","Russian Federation","77","2026","9","No change","140848.055"
"12","643","Russian Federation","77","2026","10","Momentum","142341.991"
"12","643","Russian Federation","77","2026","16","Instant replacement zero migration","144411.796"
"12","643","Russian Federation","77","2026","202","Median PI","143065.414"
"12","643","Russian Federation","77","2026","203","Upper 80 PI","144028.279"
"12","643","Russian Federation","77","2026","204","Lower 80 PI","142122.858"
"12","643","Russian Federation","77","2026","206","Upper 95 PI","144530.405"
"12","643","Russian Federation","77","2026","207","Lower 95 PI","141543.517"
"12","643","Russian Federation","76","2025","2","Medium","143494.21"
"12","643","Russian Federation","76","2025","3","High","144271.182"
"12","643","Russian Federation","76","2025","4","Low","142715.919"
"12","643","Russian Federation","76","2025","5","Constant fertility","143406.206"
"12","643","Russian Federation","76","2025","6","Instant replacement","145218.922"
"12","643","Russian Federation","76","2025","7","Zero migration","142732.96"
"12","643","Russian Federation","76","2025","8","Constant mortality","141996.144"
"12","643","Russian Federation","76","2025","9","No change","141908.352"
"12","643","Russian Federation","76","2025","10","Momentum","142942.461"
"12","643","Russian Federation","76","2025","16","Instant replacement zero migration","144439.042"
"12","643","Russian Federation","76","2025","202","Median PI","143494.21"
"12","643","Russian Federation","76","2025","203","Upper 80 PI","144241.327"
"12","643","Russian Federation","76","2025","204","Lower 80 PI","142759.265"
"12","643","Russian Federation","76","2025","206","Upper 95 PI","144625.026"
"12","643","Russian Federation","76","2025","207","Lower 95 PI","142282.585"
"12","643","Russian Federation","75","2024","2","Medium","143957.079"
"12","643","Russian Federation","75","2024","3","High","144518.72"
"12","643","Russian Federation","75","2024","4","Low","143394.663"
"12","643","Russian Federation","75","2024","5","Constant fertility","143915.829"
"12","643","Russian Federation","75","2024","6","Instant replacement","145222.6"
"12","643","Russian Federation","75","2024","7","Zero migration","143161.931"
"12","643","Russian Federation","75","2024","8","Constant mortality","143046.598"
"12","643","Russian Federation","75","2024","9","No change","143005.421"
"12","643","Russian Federation","75","2024","10","Momentum","143506.186"
"12","643","Russian Federation","75","2024","16","Instant replacement zero migration","144415.5"
"12","643","Russian Federation","75","2024","202","Median PI","143957.078"
"12","643","Russian Federation","75","2024","203","Upper 80 PI","144494.643"
"12","643","Russian Federation","75","2024","204","Lower 80 PI","143420.413"
"12","643","Russian Federation","75","2024","206","Upper 95 PI","144760.893"
"12","643","Russian Federation","75","2024","207","Lower 95 PI","143096.525"
"12","643","Russian Federation","74","2023","2","Medium","144444.359"
"12","643","Russian Federation","74","2023","3","High","144784.454"
"12","643","Russian Federation","74","2023","4","Low","144103.957"
"12","643","Russian Federation","74","2023","5","Constant fertility","144433.753"
"12","643","Russian Federation","74","2023","6","Instant replacement","145224.382"
"12","643","Russian Federation","74","2023","7","Zero migration","143560.118"
"12","643","Russian Federation","74","2023","8","Constant mortality","144138.024"
"12","643","Russian Federation","74","2023","9","No change","144127.432"
"12","643","Russian Federation","74","2023","10","Momentum","144030.063"
"12","643","Russian Federation","74","2023","16","Instant replacement zero migration","144335.935"
"12","643","Russian Federation","74","2023","202","Median PI","144444.359"
"12","643","Russian Federation","74","2023","203","Upper 80 PI","144784.981"
"12","643","Russian Federation","74","2023","204","Lower 80 PI","144093.621"
"12","643","Russian Federation","74","2023","206","Upper 95 PI","144952.272"
"12","643","Russian Federation","74","2023","207","Lower 95 PI","143912.55"
"12","643","Russian Federation","73","2022","2","Medium","144713.314"
"12","643","Russian Federation","73","2022","3","High","144827.144"
"12","643","Russian Federation","73","2022","4","Low","144599.424"
"12","643","Russian Federation","73","2022","5","Constant fertility","144713.314"
"12","643","Russian Federation","73","2022","6","Instant replacement","144978.312"
"12","643","Russian Federation","73","2022","7","Zero migration","144242.095"
"12","643","Russian Federation","73","2022","8","Constant mortality","144713.314"
"12","643","Russian Federation","73","2022","9","No change","144713.314"
"12","643","Russian Federation","73","2022","10","Momentum","144507.092"
"12","643","Russian Federation","73","2022","16","Instant replacement zero migration","144507.092"
"12","643","Russian Federation","73","2022","202","Median PI","144713.314"
"12","643","Russian Federation","73","2022","203","Upper 80 PI","144835.623"
"12","643","Russian Federation","73","2022","204","Lower 80 PI","144583.446"
"12","643","Russian Federation","73","2022","206","Upper 95 PI","144900.096"
"12","643","Russian Federation","73","2022","207","Lower 95 PI","144518.316"
"12","643","Russian Federation","72","2021","2","Medium","145102.755"
"12","643","Russian Federation","71","2020","2","Medium","145617.329"
"12","643","Russian Federation","70","2019","2","Medium","145742.286"
"12","643","Russian Federation","69","2018","2","Medium","145652.293"
"12","643","Russian Federation","68","2017","2","Medium","145452.536"
"12","643","Russian Federation","67","2016","2","Medium","145109.157"
"12","643","Russian Federation","66","2015","2","Medium","144668.389"
"12","643","Russian Federation","65","2014","2","Medium","144285.07"
"12","643","Russian Federation","64","2013","2","Medium","143956.866"
"12","643","Russian Federation","63","2012","2","Medium","143629.362"
"12","643","Russian Federation","62","2011","2","Medium","143364.543"
"12","643","Russian Federation","61","2010","2","Medium","143242.599"
"12","643","Russian Federation","60","2009","2","Medium","143163.643"
"12","643","Russian Federation","59","2008","2","Medium","143086.549"
"12","643","Russian Federation","58","2007","2","Medium","143117.693"
"12","643","Russian Federation","57","2006","2","Medium","143338.669"
"12","643","Russian Federation","56","2005","2","Medium","143800.049"
"12","643","Russian Federation","55","2004","2","Medium","144353.636"
"12","643","Russian Federation","54","2003","2","Medium","144946.723"
"12","643","Russian Federation","53","2002","2","Medium","145590.136"
"12","643","Russian Federation","52","2001","2","Medium","146235.53"
"12","643","Russian Federation","51","2000","2","Medium","146844.839"
"12","643","Russian Federation","50","1999","2","Medium","147336.388"
"12","643","Russian Federation","49","1998","2","Medium","147672.728"
"12","643","Russian Federation","48","1997","2","Medium","147939.972"
"12","643","Russian Federation","47","1996","2","Medium","148233.411"
"12","643","Russian Federation","46","1995","2","Medium","148557.451"
"12","643","Russian Federation","45","1994","2","Medium","148829.113"
"12","643","Russian Federation","44","1993","2","Medium","148897.27"
"12","643","Russian Federation","43","1992","2","Medium","148725.601"
"12","643","Russian Federation","42","1991","2","Medium","148455.402"
"12","643","Russian Federation","41","1990","2","Medium","148005.704"
"12","643","Russian Federation","40","1989","2","Medium","147341.508"
"12","643","Russian Federation","39","1988","2","Medium","146464.378"
"12","643","Russian Federation","38","1987","2","Medium","145312.019"
"12","643","Russian Federation","37","1986","2","Medium","144046.482"
"12","643","Russian Federation","36","1985","2","Medium","142896.392"
"12","643","Russian Federation","35","1984","2","Medium","141892.552"
"12","643","Russian Federation","34","1983","2","Medium","140854.123"
"12","643","Russian Federation","33","1982","2","Medium","139848.005"
"12","643","Russian Federation","32","1981","2","Medium","139002.88"
"12","643","Russian Federation","31","1980","2","Medium","138257.42"
"12","643","Russian Federation","30","1979","2","Medium","137510.309"
"12","643","Russian Federation","29","1978","2","Medium","136659.133"
"12","643","Russian Federation","28","1977","2","Medium","135712.068"
"12","643","Russian Federation","27","1976","2","Medium","134764.462"
"12","643","Russian Federation","26","1975","2","Medium","133841.842"
"12","643","Russian Federation","25","1974","2","Medium","132970.443"
"12","643","Russian Federation","24","1973","2","Medium","132191.634"
"12","643","Russian Federation","23","1972","2","Medium","131456.435"
"12","643","Russian Federation","22","1971","2","Medium","130719.659"
"12","643","Russian Federation","21","1970","2","Medium","130093.01"
"12","643","Russian Federation","20","1969","2","Medium","129489.455"
"12","643","Russian Federation","19","1968","2","Medium","128822.373"
"12","643","Russian Federation","18","1967","2","Medium","128111.727"
"12","643","Russian Federation","17","1966","2","Medium","127293.948"
"12","643","Russian Federation","16","1965","2","Medium","126400.607"
"12","643","Russian Federation","15","1964","2","Medium","125394.235"
"12","643","Russian Federation","14","1963","2","Medium","124227.725"
"12","643","Russian Federation","13","1962","2","Medium","122914.605"
"12","643","Russian Federation","12","1961","2","Medium","121408.978"
"12","643","Russian Federation","11","1960","2","Medium","119735.095"
"12","643","Russian Federation","10","1959","2","Medium","118076.84"
"12","643","Russian Federation","9","1958","2","Medium","116373.652"
"12","643","Russian Federation","8","1957","2","Medium","114590.996"
"12","643","Russian Federation","7","1956","2","Medium","112783.329"
"12","643","Russian Federation","6","1955","2","Medium","110971.852"
"12","643","Russian Federation","5","1954","2","Medium","109221.068"
"12","643","Russian Federation","4","1953","2","Medium","107493.129"
"12","643","Russian Federation","3","1952","2","Medium","105790.045"
"12","643","Russian Federation","2","1951","2","Medium","104151.68"
"12","643","Russian Federation","1","1950","2","Medium","102580.107"

